name,phone,website,category,address
Back to Wellness Chiropractic, (314) 394-2093,https://www.stlbackdoc.com/,Chiropractor," 11229 Manchester Rd, Kirkwood, MO 63122"
Embody Performance & Recovery, (314) 822-5300,https://www.chiropractorkirkwood.com/,Chiropractor," 10733 Big Bend Rd Ste 100, Kirkwood, MO 63122"
STL: Chiropractic & Performance Center, (314) 207-3357,https://www.stlchirocenter.com/,Chiropractor," 11214 Manchester Rd, Kirkwood, MO 63122"
1st Step Family Wellness, (314) 805-7837,http://www.1stepfamilywellness.com/,Chiropractor," 12201 Big Bend Rd Suite 200, Kirkwood, MO 63122"
Mend Health, (314) 310-3180,https://www.mendhealthmo.com/,Chiropractor," 220 W Argonne Dr, Kirkwood, MO 63122"
"Utterback Chiropractic, LLC", (314) 219-0577,https://www.kirkwoodspine.com/,Chiropractor," 423 N Sappington Rd, St. Louis, MO 63122"
"Melissa A. Smith, DC", (314) 822-4646,,Chiropractor," 10504 Manchester Rd, Kirkwood, MO 63122"
"Utterback Chiropractic, LLC", (314) 965-8084,http://www.kirkwoodspine.com/,Chiropractor," 423 N Sappington Rd, St. Louis, MO 63122"
Barron Chiropractic, (314) 909-0404,http://www.barron-chiropractic.com/,Chiropractor," Barron Chiropractic, 9859 Big Bend Rd, St. Louis, MO 63122"
Ultimate Health, (573) 270-1756,http://ultimatehealthstl.com/,Chiropractor," 11042 Manchester Rd, Kirkwood, MO 63122"
Sunset Hills Family Chiropractic, (314) 729-0027,http://sunsethillschiropractic.com/,Chiropractor," 4600 S Lindbergh Blvd #3, St. Louis, MO 63127"
The Joint Chiropractic, (314) 701-7660,https://www.thejoint.com/missouri/st-louis/des-peres-24001,Chiropractor," 13327 Manchester Rd, St. Louis, MO 63131"
Fishel Chiropractic, (314) 440-5242,http://www.fishelchiropractic.com/,Chiropractor," 10206 Watson Rd, St. Louis, MO 63127"
Body First Chiropractic (Formerly Sunset Hills Spine and Joint Center), (314) 230-9044,https://www.bodyfirstchiropractic.net/,Chiropractor," 4434 S Lindbergh Blvd, St. Louis, MO 63127"
100% Chiropractic - Des Peres, (314) 966-5526,https://100percentchiropractic.com/locations/des-peres-mo/,Chiropractor," 1084 N Ballas Rd, Des Peres, MO 63131"
