Title,Address,PhoneNumber,WebsiteURL,Cell Phone
Keyrenter St. Louis West,"10127 Manchester Rd Suite 201, St. Louis, MO 63122",3149881008,keyrenterstlwest.com,—
STL Smart Rentals,"2301 S Big Bend Blvd, Maplewood, MO 63143",3147827892,stlsmartrentals.com,112431094-1
Botanical Property Management,"2309 Thurman Ave a, St. Louis, MO 63110",3142026274,botanicalpropertymgmt.com,—
Top-Tier STL Property Management,"9701 Gravois Rd, St. Louis, MO 63123",3147444513,toptierstl.com,2025-01-20
Deca Property Management,"8930 Gravois Rd, St. Louis, MO 63123",3146313306,decarealty.com,—
Frontier Property Management,"1750 S Brentwood Blvd Ste 450, Brentwood, MO 63144",3149327004,frontierpropertymgmt.com,2025-10-03
Roberts Realty Co,"3229 S Brentwood Blvd, St. Louis, MO 63119",3149180800,robertsrealtystl.com,314) 918-0800
Kingsland Properties,"2750 Lafayette Ave, St. Louis, MO 63104",3147713509,kingslandstl.com,49729633986
SMPL - Simple Property Management,"1230 Macklind Ave Ste 141, St. Louis, MO 63110",3145015444,smplpropertymanagement.com,314) 501-5444
West End Management & Leasing Services,"8151 Clayton Rd Ste. 301, Clayton, MO 63117",3149002001,westendmgt.com,314.900.2001
Garcia Properties,"3537 S Kingshighway Blvd, St. Louis, MO 63139",3143530336,garciaproperties.com,398556897955089
Select Leasing & Management,"1924 Pestalozzi St, St. Louis, MO 63118",,selectleasingstl.com,1210560713
SF Shannon Real Estate Management LLC,"4066 Lindell Blvd, St. Louis, MO 63108",3143671106,sfshannon.com,—
Stanford Place Apartments,"9305 Manchester Rd, St. Louis, MO 63119",3145289667,stanfordplacelife.com,1758198307
Core Properties,"3205 S Brentwood Blvd Suite 200, St. Louis, MO 63119",3147102328,corepropertiesstl.com,+0152-0153
"Rybo Properties, LLC","7225 Manchester Rd, Maplewood, MO 63143",3146447746,ryboproperties.com,109016065867688
Efthim Company Realtors,"3605 Watson Rd, St. Louis, MO 63109",3147810010,efthimcompany.com,474080545
National Real Estate Management Corp.,"9986 Manchester Rd, St. Louis, MO 63122",3148785545,nremgmt.com,0 0 24 24
"Cronin Properties, L.L.C.","606 North and South Rd Apt 218, St. Louis, MO 63130",3148625119,cronincompany.net,—
South Side Spaces,"3449 S Jefferson Ave, St. Louis, MO 63118",3146326418,southsidespaces.com,2016-02-10
Mills Properties,"2650 S Hanley Rd #200, St. Louis, MO 63144",3147218000,millsapartments.com,—
Evernest Property Management St Louis,"111 W Port Plaza Dr Suite 600, St. Louis, MO 63146",6362105318,stlouispropertymanagement.co,636) 210-5318
O'Connor Property Services and Management,"3516 Greenwood Blvd, St. Louis, MO 63143",3146467900,oconnorpropertyservices.com,314192535267336
ABODEbucks,"2245 Gravois Ave, St. Louis, MO 63104",8333455224,abodebucks.com,2020-02-10
Intersection Real Estate Management,"9378 Olive Blvd, St. Louis, MO 63132",3144491991,intersectionstl.com,2023-03-21
Lindcrest Property Management﻿,"11415 Concord Village Ave, St. Louis, MO 63123",3142405000,lindcreststl.com,767374954
4U Property Management,"6984 Chippewa St, St. Louis, MO 63109",3143685417,4upropertymanagement.com,+13143685417
Intrepid Realty,"7346 Manchester Rd, St. Louis, MO 63143",3146474422,intrepidrealty.net,"63110 
                                        
                                     2"
The Smith Management Group,"1630 Des Peres Rd, St. Louis, MO 63131",3143944200,smithmgmt.com,4-9240-2091
Gateway Select Properties,"3284 Ivanhoe Ave Ste a, St. Louis, MO 63139",3147730100,gatewayselect.com,—
Triple Win Property Management Company,"111 W Port Plaza Dr Suite 600, St. Louis, MO 63146",3148581411,triplewinpm.com,247059) 0 0 60
Progress Residential,"11832 Borman Dr, St. Louis, MO 63146",3143145232,rentprogress.com,594487540
Helix Realty,"1020 Union Blvd Ste 120, St. Louis, MO 63113",3143677646,helixrlty.com,314-367-7646
MVP Management,"3101 Mt Pleasant St, St. Louis, MO 63111",6367344866,mvpmstl.com,—
Hermann London Real Estate Group,"7350 Manchester Rd #200, St. Louis, MO 63143",3148020797,hermannlondon.com,+1-314-802-0797
Avenue Real Estate Group | Leasing and Property Management,"13990 Olive Blvd, Chesterfield, MO 63017",3142483020,propertymanagementstl.com,00000000000000007735
Grove Properties,"4170 Manchester Ave, St. Louis, MO 63110",3142412222,grovepropertiesllc.com,—
Mogul Realty,"6780 Southwest Ave, St. Louis, MO 63143",3148651170,stlmogul.com,38.612979397674515
Turnkey Up Property Management,"1515 N Warson Rd Apt 133, St. Louis, MO 63132",6364421168,stl-turnkey.com,"636.442.1168 
			 
		 
	 

	 
		 
		    
		 
		 
			   
		 
		 
			    636.442.1168"
Wolff Properties,"118 E Jefferson Ave, Kirkwood, MO 63122",3149911500,wolffproperties.com,—
Poplar Homes Property Management St. Louis,"10701 Old Halls Ferry Rd, St. Louis, MO 63136",3148760480,poplarhomes.com,+1-205-940-6363
First Rate Field Services,"231 S Bemiston Ave #800, Clayton, MO 63105",3142669757,firstratefieldservices.com,2017-03-03
Mac Properties - Saint Louis Apartments,"18 S Kingshighway Blvd, St. Louis, MO 63108",4173863047,macapartments.com,—
Eichelberger Property Management,"5825 Gravois Ave, St. Louis, MO 63116",3147523570,,—
Manor Real Estate,"8085 Manchester Rd, St. Louis, MO 63144",3146476611,manorrealestate.com,2021-11-03
"Sentry Management, Inc.","9666 Olive Blvd Ste 116, St. Louis, MO 63132",3149947440,sentrymgt.com,2016-04-10
1904 Group,"2001 Park Ave #3, St. Louis, MO 63104",,1904group.com,—
"Nash Properties, LLC","Garden Level, 2012 Maury Ave, St. Louis, MO 63110",3146648177,nashpropertiesllc.com,2023-01-20
Anic Enterprises,"124 W Monroe Ave, Kirkwood, MO 63122",3148493278,anicenterprises.com,—
St. Louis Property Management and Leasing,,3142668326,hermannlondon.com,+1-314-802-0797
UE Property Management,"8151 Clayton Rd Ste. 301, Clayton, MO 63117",3149002099,uemstl.com,—
Heritage Properties,"3432 Shenandoah Ave, St. Louis, MO 63104",3148339839,heritagepropertiesstl.com,—
,,,,—
,,,,—
"VEGA PROPERTY MANAGEMENT, LLC","7414 Page Ave, St. Louis, MO 63133",3149325423,vegapropertymanagement.com,+0102-0103
,,,,—
,,,,—
,,,,—
,,,,—
,,,,—
,,,,—
,,,,—
,,,,—
,,,,—
,,,,—
,,,,—
,,,,—
,,,,—
Gershman Commercial Real Estate,"150 N Meramec Ave Ste 500, St. Louis, MO 63105",3148629400,gershmancommercial.com,2021-01-06
BSB Development Co,"2311 S 13th St, St. Louis, MO 63104",3147761811,bsbdevelopmentco.com,—
1 Degree Realty,"8930 Gravois Rd, St. Louis, MO 63123",3143002020,1degreerealty.com,2017-02-24
Fox Grove Management,"2758 Russell Blvd, St. Louis, MO 63104",3146648200,fox-grove.com,+0152-0153
Unique Property Management LLC,"6135 N Lindbergh Blvd #4082, Hazelwood, MO 63042",3143286058,uniquepropertymanagementllc.com,—
The Kittner Real Estate Group,"10805 Sunset Office Dr, St. Louis, MO 63127",3147752754,angelakittner.com,314 7752754
Sansone Group,"120 S Central Ave #500, Clayton, MO 63105",3147276664,sansonegroup.com,—
Ridgehouse Companies,"12444 Powerscourt Dr Ste 300, St. Louis, MO 63131",3144414003,ridgehouseco.com,2022-04-19
R-L Properties,"1413 Pennsylvania Ave, St. Louis, MO 63133",3147216004,r-lproperties.com,2015-07-20
Keyrenter St. Charles Property Management,"119 S Main St, St Charles, MO 63301",6367072000,keyrenterstcharles.com,—
"Holly Crump-EXP Realty, LLC","3636 S Geyer Rd #100, St. Louis, MO 63127",3144584704,welcomehomewithholly.com,33.333333
First Door Property Management,"630 Jeffco Blvd, Arnold, MO 63010",3146241522,firstdoorpm.com,+1-314-624-1522
Affordable Creative Office Space St Louis,"1409 Washington Ave, St. Louis, MO 63106",3146626398,tcmrealty.com,1143809504
Synergy Rental Group,"716 Soulard St, St. Louis, MO 63104",3146198698,synergyrentalstl.com,—
Keys realty,"1409 Washington Ave Ste 301, St. Louis, MO 63103",3148145901,keysrealtystl.com,—
ND & S Management Company,"1425 S 18th St, St. Louis, MO 63104",3147715335,property-management-today.com,—
City Grove,"4571 Laclede Ave #307, St. Louis, MO 63108",,cgstl.com,—
McCormack Baron Companies,"100 N Broadway Ste 100, St. Louis, MO 63102",3146213400,mccormackbaron.com,314.621.3400
Chelsea,"5539 Pershing Ave, St. Louis, MO 63112",3145260846,chelsea-stl.com,—
Sunnen Station Apartments,"31 Sunnen Dr, Maplewood, MO 63143",3143507426,sunnenstationapts.com,380739512238020
Envision Facility Solutions,"128 Prospect Ave, St. Louis, MO 63122",3143322133,envfacility.com,—
LuxLiving,"1 N Taylor Ave, St. Louis, MO 63108",3145903994,,—
Brewer's Edge Apartments,"7223 Anna Ave, St. Louis, MO 63143",,,—
Snap Real Estate,"9051 Watson Rd, St. Louis, MO 63126",3147305504,snap-re.com,+0490-0491
Clayton On The Park,"8025 Bonhomme Ave, Clayton, MO 63105",8444406892,claytononthepark.com,—
Golden Rule Property Management LLC,"4144 Lindell Blvd #125, St. Louis, MO 63108",3148009176,,—
The Euclid,"40 N Euclid Ave, St. Louis, MO 63108",8885765047,theeuclidstl.com,—
The James,"416 N Kirkwood Rd, St. Louis, MO 63122",3143505615,thejameskirkwood.com,133.33333333333
Abriza Property Services LLC,"401 Pine St, St. Louis, MO 63102",3145587570,abrizarealty.com,—
Chroma,"4041 Chouteau Ave, St. Louis, MO 63110",3148041319,chromastl.com,6767906449166079
Chippewa Storage,"2816 Chippewa St, St. Louis, MO 63118",3145132020,winchesterpropertymanagement.com,242249479140798
Aventura at Forest Park,"4431 Chouteau Ave Suite 1101, St. Louis, MO 63110",3145342837,avforestpark.com,—
Onyx Agents - St Louis,"3611 Richardson Square Dr #100, Arnold, MO 63010",3143103603,onyx.homes,+0370-0377
"Sentry Management, Inc.","9666 Olive Blvd Ste 116, St. Louis, MO 63132",3149947440,sentrymgt.com,2016-04-10
Cortona Property Management,"4333 Manchester Ave, St. Louis, MO 63110",,cortonaproperties.com,76-8191-4
Avenue Residential Leasing and Management,"13990 Olive Blvd, Chesterfield, MO 63017",3142000215,propertymanagementstl.com,00000000000000007735
King Realty Advisors,"318 N 8th St, St. Louis, MO 63101",3145881900,kingrealtyadvisors.com,—
Friedman Group Ltd,"3948 Lindell Blvd, St. Louis, MO 63108",3143672800,friedmangroup.com,—
Cleaning Concepts of St Louis,"8837 Manchester Rd, St. Louis, MO 63144",3147810018,stlouismaidservice.com,38.6129196
Alicia Sierra | Strategic Real Estate Advisor – St. Louis eXp Realty,"3636 S Geyer Rd #100, St. Louis, MO 63127",3143259565,aliciasierra.exprealty.com,—
"Danny Stroup, The Hermann London Group LLC","7350 Manchester Rd #200, St. Louis, MO 63143",3145409517,homesnap.com,—
Blue Door Management - St. Louis & Kansas City,,3145466441,bdmhq.com,1210458224
Source One Property,"St. Louis, MO 63108",3145343863,sourceoneproperties.org,2026-06-19
Eastlake Management,"1007 N Taylor Ave, St. Louis, MO 63113",3143711169,,—
Terra at the Grove,"4500 Swan Ave, St. Louis, MO 63110",3143289020,terra-stl.com,—
Grand Flats,"2232 S Grand Blvd, St. Louis, MO 63104",8337501606,grandflats.com,—
Laclede Forest Garden Apartments,"7828 Laclede Forest Dr, St. Louis, MO 63143",3147897863,,—
One Hundred Above the Park Apartments,"100 Kingshighway Blvd, St. Louis, MO 63108",4172183732,liveat100.com,—
Riverstation Apartments,"7009 Weil Ave #201, St. Louis, MO 63119",3144088376,riverstationstl.com,1181741027
The Marshall St. Louis,"3834 Forest Park Ave, St. Louis, MO 63108",3142283857,livemarshallstlouis.com,2024-05-13
6 North,"4055 Laclede Ave, St. Louis, MO 63108",3142549943,6northapts.com,314192535267336
Cortona Property Management,"4345 Arco Ave, St. Louis, MO 63110",3198558662,cortonaproperties.com,76-8191-4
The Landing St. Louis,"3949 Lindell Blvd, St. Louis, MO 63108",3145002306,thelandingstlouis.com,—
,,,,—
