Title,Address,PhoneNumber,WebsiteURL
Linek Plumbing Company,"24 Kirkham Industrial Ct, Webster Groves, MO 63119",3149620956,linekplumbing.com
"Maplewood Plumbing & Sewer, LLC.","2725 Watson Rd, St. Louis, MO 63139",3146456350,maplewoodplumbing.com
Tony LaMartina Plumbing Co. Inc,"5705 Dale Ave, St. Louis, MO 63110",3149659377,tonylamartinaplumbing.com
Signature Plumbing Services St Louis,"1453 Lanvale Dr, Webster Groves, MO 63119",3148794093,gosignatureplumbing.com
Plumbing Masters,"11012 Lin Valle Dr Ste K, St. Louis, MO 63123",3142003000,plumbingmasters.com
Hoffmann Brothers,"1025 Hanley Industrial Ct, Brentwood, MO 63144",3143471403,hoffmannbros.com
Anytime Plumbing Services Inc,"4105 Debra Ct, St. Louis, MO 63123",3142833370,anytimeplumbingstl.com
Marick Mechanical (Formerly Bieg Plumbing & Mechanical),"2015 Lemay Ferry Rd, St. Louis, MO 63125",8003686705,marickmechanical.com
Roto-Rooter Plumbing & Water Cleanup,"2671 Washington Ave, St. Louis, MO 63103",3149252625,rotorooter.com
All Service Drain & Sewer Inspections,"3622 Greenwood Blvd #8, St. Louis, MO 63143",3144097425,allservicedrain.com
Mr. Rooter Plumbing of St. Louis,"1564 Fencorp Dr, Fenton, MO 63026",3146652157,mrrooter.com
J R Plumbing,"St. Louis, MO 63123",3148491009,jrplumbingco.com
Able Rooter Plumbing & Drain Cleaning St. Louis,,3143720299,ablerooter.com
"Lemay Plumbing, Inc.","945 Lemay Ferry Rd, St. Louis, MO 63125",3145441066,lemayplumbing.com
Hoffmann Brothers,"1643 Tower Grove Ave, St. Louis, MO 63110",3142562970,hoffmannbros.com
Right Now Plumbing,,3149650433,rightnow.plumbing
Pipe Solutions,"4901 Hampton Ave, St. Louis, MO 63109",6368568989,pipesolutions.com
Ron's Plumbing & Sewer Service,"7927 Pennsylvania Ave, St. Louis, MO 63111",3147521101,
Torrisi Plumbing Services,"6985 Chippewa St, St. Louis, MO 63109",3147765866,
Cordia Plumbing Inc,"1420 S Big Bend Blvd, Richmond Heights, MO 63117",3147816241,cordiaplumbing.com
B.C. Plumbers Company,"5600 Natural Bridge Ave, St. Louis, MO 63120",3142614400,
Flow King Rooter Plumbing,"11025 Lin Valle Dr, St. Louis, MO 63123",3142542316,flowkingstl.com
R.A. Guinner Plumbing Company,"7244 Gravois Ave, St. Louis, MO 63116",3147529850,guinnerplumbing.com
Kirkwood Plumbing Inc,"248 Grand Ave, Kirkwood, MO 63122",6362003007,kirkwoodplumbing.com
Bore's Plumbing Sewer Services,"St. Louis, MO 63109",3143528022,boresplumbing.com
Winnovation Plumbing and Drains,,3142002181,callwinnovation.com
Orr Plumbing Services LLC,"2758 Old Hanley Rd, St. Louis, MO 63114",3143980034,facebook.com
ALLN1 Plumbing,"7900 N Broadway, St. Louis, MO 63147",3146886718,alln1plumbing.com
"CJ Plumbing , LLC","4316 Gravois Ave, St. Louis, MO 63116",3146865582,
Tope Plumbing,"8765 Natural Bridge Rd, St. Louis, MO 63121",3148900900,openmydrain.com
Nu Flow St. Louis,"9751 Green Park Industrial Dr, St. Louis, MO 63123",3148563262,nuflowstlouis.com
Raw Dawgs Plumbing,"1727 Belle Glade Ave, St. Louis, MO 63113",3147062529,rawdawgsplumbing.com
Hoffman Plumbing,"2619 Salena St, St. Louis, MO 63118",3147723559,hoffmanplbg.com
"Hosack Plumbing, Heating & Cooling","2202 S Brentwood Blvd, Brentwood, MO 63144",3144391807,hosackplumbing.com
GMP Plumbing,"4950 Bischoff Ave, St. Louis, MO 63110",6364642221,gmpplumbingstl.com
Drain Cleaning St Louis,"1453 Lanvale Dr Suite A, Webster Groves, MO 63119",3149722233,draincleaningstl.com
Sure-Fix Plumbing & Drain,"4736 Virginia Ave, St. Louis, MO 63111",3144819793,surefixplumbing.com
LaMartina Plumbing Inc,"7516 Piccadilly Ave, St. Louis, MO 63143",3146445484,
City Plumbing Supply Company,"5364 Dr Martin Luther King Dr, St. Louis, MO 63112",3143671343,cityplumbingsupplyco.com
E L Austin Plumbing & Sewer Co,"3750 Sullivan Ave, St. Louis, MO 63107",3146527282,
Ramblewood Plumbing Company,,3149221284,ramblewoodplumbingco.com
Merlo Plumbing Co. Inc.,"11041 Gravois Industrial Ct, St. Louis, MO 63128",3148431000,merloplumbing.com
Bardol Plumbing & Construction,"9810 Gravois Rd, St. Louis, MO 63123",3148462966,bardolplumbing.com
Hampel Plumbing Co,"8455 Florence Ave, Brentwood, MO 63144",3149612542,
Beetz Jos H Plumbing Co Inc,"9511 Watson Industrial Park, St. Louis, MO 63126",3149423500,
USA Plumbing Plus,,3146992220,usaplumbingplus.com
Sinak Plumbing Co,"1300 S Laclede Station Rd, St. Louis, MO 63119",3149681340,sinak-plumbing.com
Immerse,"836 Hanley Industrial Ct, Brentwood, MO 63144",3143751500,immersestl.com
"Python Plumbing, LLC",,3143699980,pythonplumbingstl.com
24Hr Plumbers,,3146774763,
DeClue Plumbing,,3145753054,declueplumbing.com
AA Quick Plumbing And Sewer,"3012 N Lindbergh Blvd, St Ann, MO 63074",3144297131,aaquicksewerservice.com
Daniel's Professional Sewer,"7832 Bloom Dr, St. Louis, MO 63133",3145810548,
Walkers Heating and Cooling Services LLC,"5054 Granberry Way Ln, St. Louis, MO 63115",3142249306,walkersheatingandcoolingllc.com
Plain Plumbing in the Flesh,"2822 Belt Ave, St. Louis, MO 63112",3146680535,
Beis Plumbing,"280 Vance Rd, Valley Park, MO 63088",3148029390,beisplumbing.com
St Louis Backflow Services,"18 York Dr, St. Louis, MO 63144",3146922392,stlbackflow.com
Flow King Rooter,"111 W Port Plaza Dr Suite 600, St. Louis, MO 63146",3142741019,flowkingstl.com
Nelson Plumbing & Sewer Services CO.,"4927 Alcott Ave, St. Louis, MO 63120",3142837662,
Drain Cleaning St. Louis $90,"7822 Madison Dr, St. Louis, MO 63133",3144584844,
Ed Bellm Plumbing Company,,3143831436,
J Mess Plumbing Inc,"9738 Gravois Rd, St. Louis, MO 63123",3143533700,
Wholesale Plumbing Supply Company,"1737 Macklind Ave, St. Louis, MO 63110",3143909454,wpsco.com
Catanzaro Plumbing Co,"11079 Gravois Rd APT 301, St. Louis, MO 63126",3146675652,stlouisplumbers.com
Master Plumbers,,3142507712,facebook.com
Plumbing Engineers Inc,"9731 Gravois Rd, St. Louis, MO 63123",3146319721,plumbing-engineers.com
J E Redington Plumbing Co,"639 Leffingwell Ave, Kirkwood, MO 63122",3149653200,yourhometownplumber.com
Milford Supply Co,"10943 Lin Valle Dr, Affton, MO 63123",3148941991,milfordsupply.com
R J Wachter Plumbing Co Inc,"11433 Concord Village Ave, St. Louis, MO 63123",3147297777,rjwachterplumbing.com
The Flood Team,"8816 Manchester Rd Ste 197, St. Louis, MO 63144",3143103064,thefloodteam.com
William G Cocos Plumbing Co,"738 Lemay Ferry Rd, St. Louis, MO 63125",3146312688,cocosplumbing.com
Taylor Sewer Service,"6220 Magnolia Ave, St. Louis, MO 63139",3146440228,
Ferguson,"1616 S Kingshighway Blvd, St. Louis, MO 63110",3147255200,ferguson.com
"Express Services Mechanical, Electrical, & Plumbing","10828 Galt Industrial Blvd, St. Louis, MO 63132",3142542181,myexpressservices.com
Crescent Plumbing Supply,"6614 Olive Blvd, University City, MO 63130",3147274200,crescentsupply.com
PK Plumbing,,3144327200,pkplumbingllc.com
J.R. Plumbing,"10646 Tesshire Dr, St. Louis, MO 63123",3142270563,jrplumbingco.com
"Anton's Plumbing, Heating/Cooling & Energy Experts","950 Bolger Ct, Fenton, MO 63026",3148607860,antonshvac.com
Gooden Plumbing,"3321 N Broadway, St. Louis, MO 63147",3149314514,
St Louis Authority Plumbing and Drain,,3142206519,
Plumbing Plus,"St. Louis, MO 63109",3143497290,
Superior Sewer & Plumbing Company,"11084 Gravois Industrial Ct, St. Louis, MO 63128",3142933287,superiorsewerco.com
Pro House Renovation,,3143019779,prohouserenovation.com
Kunkel Plumbing,"8107 Ivory St, St. Louis, MO 63111",3146389375,
Vushaj Construction,"8000 Ivory St, St. Louis, MO 63111",3146315422,vushajconstruction.org
Kent Plumbing Inc,"2549 S Big Bend Blvd, St. Louis, MO 63143",3147819043,
Ferguson Plumbing,"4170 Carondelet Blvd, St. Louis, MO 63123",3143515200,ferguson.com
E Plumbing and Sewer,,8663375862,eplumbingandsewer.com
Modern Plumbing Co,"7100 Pennsylvania Ave, St. Louis, MO 63111",3143513300,modernplumbingstl.com
A & A Plumbing & Drainlaying Llc,"4119 Reavis Barracks Rd, St. Louis, MO 63125",,
Rabbitt Rooter Plumbing Co,"2805 Lemp Ave, St. Louis, MO 63118",3147762222,
Sewer-Drain Cleaning Service,,3146377479,sewer-draincleaningservice.com
Jaffa Heating & Cooling,,7089551505,book.housecallpro.com
Miracle Supply Co,"1580 North and South Rd, St. Louis, MO 63130",3144264455,miraclesupply.com
Bozikis Home Repair,"4430 Morgan Ford Rd, St. Louis, MO 63116",3148922569,
All Complete Plumbing LLC,"1515 N Warson Rd, St. Louis, MO 63132",3142279145,
Bath & Kitchen Refinishing Saint Louis,,3146623543,bkrstl.com
Dr Electric Sewer & Drain,"3326 Miami St, St. Louis, MO 63118",3143512699,myremodelingcost.com
Sparrow Plumbing and Drain Cleaning,,3144825897,
Scales Plumbing Co LLC,"3272 Ivanhoe Ave, St. Louis, MO 63139",3147716464,
Chesterfield Service,"229 Old Meramec Station Rd, Manchester, MO 63021",6363394504,chesterfieldservice.com
SmartHouse,"6921 Olive Blvd, St. Louis, MO 63130",3144515391,callsmarthouse.com
Grasse & Associates,"1940 S Kingshighway Blvd, St. Louis, MO 63110",3147713244,grasse.com
,,,
,,,
,,,
,,,
,,,
,,,
,,,
,,,
,,,
,,,
,,,
,,,
,,,
,,,
,,,
,,,
,,,
,,,
,,,
